Workbook

Sheet Resumo
A1: Nivela: custo do app
A2: Valores estimados. Mude as células em azul nas outras abas e tudo se recalcula.
B4: Valor
A5: Custo de produção (uma vez) | B5: ='Produção do app'!E17
A6: Manutenção por mês (hoje) | B6: ='Manutenção mensal'!E15
A7: Manutenção por ano (hoje) | B7: =B6*12
A8: Manutenção por mês (se crescer) | B8: ='Manutenção mensal'!E21
A9: Custo no 1º ano (produção + manutenção) | B9: =B5+B7
A11: O que o custo cobre
A12: App de 32 telas e 16 exercícios com animação 3D, feito em React e TypeScript.
A13: Sem servidor: os dados ficam no aparelho e o site roda de graça no GitHub Pages.
A14: Por isso o custo é quase todo de pessoas, não de infraestrutura.
A15: Não inclui a plataforma física nem o frete dela.

Sheet Premissas
A1: Premissas (células em azul podem ser editadas)
A3: Equipe PJ (tabela da disciplina) | B3: Valor por ano | C3: Valor por mês
A4: 1º nível | B4: 440000 | C4: =B4/12
A5: 2º nível | B5: 220000 | C5: =B5/12
A6: 3º nível | B6: 150000 | C6: =B6/12
A7: 4º nível | B7: 44000 | C7: =B7/12
A8: 5º nível | B8: 30800 | C8: =B8/12
A10: Câmbio (R$ por US$) | B10: 5.5
A12: Sobre os níveis
A13: O valor da tabela é por ano e por pessoa; o mensal é o anual dividido por 12.
A14: Usamos: 2º nível = gerente de projeto, 3º = desenvolvedor sênior, 4º = designer UI/UX, 5º = testes/QA.
A15: O frete da tabela (20% a 30% do custo unitário) vale só para o produto físico, não para o app.
A17: Base do repositório (até 12/10/2026)
A18: Telas prototipadas | B18: 32
A19: Exercícios com animação 3D | B19: 16
A20: Arquivos de código (.ts/.tsx) | B20: 215
A21: Linhas de código | B21: ≈ 24.600
A22: Backend / banco de dados | B22: Nenhum (dados no aparelho)
A23: Hospedagem | B23: GitHub Pages (gratuito)
A24: Sensores | B24: Simulados (sem Bluetooth)

Sheet Produção do app
A1: Custo de produção do app (uma vez)
A3: Item | B3: Nível PJ | C3: Meses de trabalho | D3: Custo por mês | E3: Total
A4: Gerente de projeto | B4: 2º nível | C4: 1 | D4: =Premissas!C5 | E4: =C4*D4
A5: Desenvolvedor sênior | B5: 3º nível | C5: 3 | D5: =Premissas!C6 | E5: =C5*D5
A6: Designer UI/UX | B6: 4º nível | C6: 1.5 | D6: =Premissas!C7 | E6: =C6*D6
A7: Testes / QA | B7: 5º nível | C7: 1 | D7: =Premissas!C8 | E7: =C7*D7
A8: Subtotal equipe | E8: =SUM(E4:E7)
A10: Item | B10: Observação | C10: Valor | E10: Total
A11: Hospedagem (GitHub Pages) | B11: Gratuito para o site estático | C11: 0 | E11: =C11
A12: Domínio próprio (1º ano) | B12: Opcional; a demo usa o link do GitHub Pages | C12: 40 | E12: =C12
A13: Figma | B13: O protótipo usa o plano gratuito; paga se precisar de mais | C13: 0 | E13: =C13
A14: Reserva para imprevistos (10%) | B14: Sobre o subtotal da equipe | C14: =E8*0.1 | E14: =C14
A15: Subtotal outros | E15: =SUM(E11:E14)
A17: CUSTO DE PRODUÇÃO DO APP | E17: =E8+E15
A19: Opcional: publicar nas lojas (não incluído no total)
A20: Conta Apple Developer (US$ 99/ano) | E20: =99*Premissas!B10
A21: Conta Google Play (US$ 25, paga uma vez) | E21: =25*Premissas!B10
A23: Fora deste custo: a plataforma física (sensores, barras, estrutura) e o frete dela.

Sheet Manutenção mensal
A1: Custo de manutenção do app (por mês)
A3: Item | B3: Nível PJ | C3: Fração de um mês | D3: Custo por mês | E3: Total mensal
A4: Desenvolvedor: correções e ajustes | B4: 3º nível | C4: 0.15 | D4: =Premissas!C6 | E4: =C4*D4
A5: Testes / QA: conferir cada versão | B5: 5º nível | C5: 0.1 | D5: =Premissas!C8 | E5: =C5*D5
A6: Gerente: acompanhamento | B6: 2º nível | C6: 0.03 | D6: =Premissas!C5 | E6: =C6*D6
A7: Subtotal equipe | E7: =SUM(E4:E6)
A9: Item | B9: Observação | C9: Valor | E9: Total mensal
A10: Hospedagem (GitHub Pages) | B10: Gratuito | C10: 0 | E10: =C10
A11: Domínio próprio | B11: R$ 40 por ano, dividido por 12 | C11: =40/12 | E11: =C11
A12: Atualizar dependências e segurança | B12: Já incluído no tempo do desenvolvedor | C12: 0 | E12: =C12
A13: Subtotal fixos | E13: =SUM(E10:E12)
A15: MANUTENÇÃO MENSAL HOJE | E15: =E7+E13
A17: Se o app crescer (não incluído acima)
A18: Apple Developer (US$ 99/ano ÷ 12) | E18: =99*Premissas!B10/12
A19: Backend e banco de dados (contas reais, histórico na nuvem) | E19: 150
A20: Monitoramento de erros e e-mail de suporte | E20: 80
A21: MANUTENÇÃO MENSAL SE CRESCER | E21: =E15+SUM(E18:E20)
